"ny",1,1,,,"Нова година","holiday","Първият ден на всяка година е официален празник в повечето страни по света",
"dl",3,3,,,"Ден на Освобождението","holiday","Ден на Освобождението на България",
"md",8,3,,,"Международен ден на жената","international","Празник на жената и на майката",
"ld",1,5,,,"Ден на Труда","holiday","Ден на труда",
"stG",6,5,,,"Ден на Храбростта","holiday","Ден на Храбростта , Св. вмчк Георги Победоносец",
"dsa",24,5,,,"Ден на Славянската Писменост","holiday","Ден на Славянската Писменост",
"du",6,9,,,"Ден на Съединението","holiday","Ден на Съединението",
"id",22,9,,,"Ден на Независимостта","holiday","Ден на Независимостта",
"dnl",1,11,,,"Ден на народните будители","BG","Ден на Народните Будители",
"ce",24,12,,,"Бъдни вечер","holiday","Християнският празник ""Бъдни вечер"" се нарича денят преди Рождество Христово.",
"ch",25,12,,,"Коледа","holiday","Рождество Христово",
"sdch",26,12,,,"Втори ден на Коледа","holiday","Коледа",
"sirni",-55,"EST",,,"Месни заговезни","orthodox","Месни Заговезни е православен църковен празник, който се чества в неделя, 8 седмици преди Великден. Името на празника произлиза от това, че се заговява с месни ястия.",
"mesni",-48,"EST",,,"Сирни заговезни","orthodox","Прощална неделя е празник на всеобщото опрощение.На този ден Църквата призовава вярващите да пречистят душите си, да изпълнят с мир и любов сърцата си, за да посрещнат Възкръсналия Христос.",
"todor",-42,"EST",,,"Тодоров ден","orthodox","Конски Великден. Празникът се отбелязва в първата събота на Великденските пости. Преданията разказват, че на този ден светецът обличал девет кожуха и отивал при Бога да проси за лято.","Божидар, Божидара, Дора, Дорина, Доротея, Теодор, Теодора, Теодорина, Тодор, Тодора, Тодорка"
"lazar",-8,"EST",,,"Лазаровден","orthodox","Православната Християнска Църква посвещава този ден на Лазар, когото Иисус Христос възкресил на четвъртия ден след погребението му в знак на благодарност за проявеното от него гостоприемство.","Лазар, Лазарка, Лазарин"
"cvete",-7,"EST",,,"Цветница","orthodox","Или още наричан Връбница. Цветница се пада в неделята след Лазаровден, една седмица преди Великден и е един от най-хубавите пролетни празници. Посветена е на тържественото посрещане на Иисус Христос в Йерусалим с маслинови и лаврови клонки."," Аглика, Божура, Вероника, Виола, Виолета, Върба, Върбан, Върбинка, Гергин(а), Гроздена, Далия, Дафина, Делян, Деляна, Дилян, Диляна, Детелина, Елица, Жасмина, Здравко, Здравка, Зюмбюла, Ива, Иглена, Иглика, Калина, Камелия, Карамфил, Карамфила, Китка, Латин, Латинка, Лилия, Лиляна, Лила, Лили, Лоза, Люлина, Магнолия, Малина, Маргарит(а), Невен, Невена, Невян, Ненка, Орхидея, Ралица, Ренета, Роза, Росен, Росица, Ружа, Теменужка, Трендафил, Цено, Цвета, Цветелина, Цветан(ка), Цветелин(а), Цветомила, Цветомир (а), Цвятко, Явор, Ясен, Ясмина"
"gf",-2,"EST",,,"Велики петък","holiday",,
"gs",-1,"EST",,,"Велика събота","holiday",,
"ea",0,"EST",,,"Великден","holiday","Христос Воскресе!",
"ea2",1,"EST",,,"Велики понеделник","holiday","Христос Воскресе!!",
"spasov",39,"EST",,,"Спасовден","orthodox","Четиридесет дни след Великото си възкресение Господ Иисус се явявал многократно на учениците Си. Разяснявал им царството Божие, отварял ума им за да разбират Светото писание (Лук. 24:45, 49). Потвърждавал обещанието Си за идването на Утешителя Дух Свети - третото Лице на единия Бог (Иоан 14, 16, 17). Всички се убедили, че Той е възкръснал наистина.","Спас, Спаска, Спасена, Спасения, Спасимир, Спасимира, Спасуна, Сотир"
"va",1,1,,,"Васильовден","orthodox",,"Васил, Василка, Веселин, Веселина, Весела, Весел, Веселин, Веселина, Веселка, Веси, Веска, Веско, Весо,  Васи, Вася, Василена, Василка, Васка, Васко, Васо"
"stS",2,1,,,"свети Силвестър","orthodox","Почитаме свети Силвестър, роден в началото на ІV в. в Рим. Той управлявал цели 21 години Римската църква и покръстил самия император Константин Велики. ","Горан, Горица, Силвестар, Силвестър,  Силвиа, Силвия, Силва, Силвана, Силвина, Силвето, Силви, Огнян, Оги, Огняна, Плам, Плама, Пламе, Пламен, Пламена, Пламенка, Плами, Пламка, Пламчо, Пламенчо, Серафим"
"fha",4,1,,,"Тихомировден","orthodox","Събор на св. 70 апостоли. Прпмчк Онуфрий Габровски. Преп. Теоктист . 
Освен 12-те си ученици Христос избрал и други седемдесет, които проповядвали учението му не само със слово, но и с примера на добродетелния си живот, с любовта си към Бога и човеците, кръщавали повярвалите в Божието слово и вършели чудеса. Днес православната църква чества паметта на всички тях заедно.","Тихомир, Тишо, Тихомира"
"he",6,1,,,"Йордановден","orthodox","Св. Богоявление. Кръщение Господне. Според християнската религия този ден е посветен на Кръщението на Исус Христос в река Йордан и е един от най-тържествените църковни празници. Смята се още за ден на светлината и просвещението. Отбелязва се от православния канон с празничен водосвет. След ритуалното кръщаване на водата свещеникът хвърля кръста в реката или в морето. Мъжете се спускат да го вземат. Вярва се, че ако кръстът замръзне във водата, годината ще е плодородна, а народът – здрав.","Йордан, Йорданка, Данчо, Данка, Боголюб, Боголюба, Божан, Боян, Божана, Бояна, Дана, Богомил, Богдан, Богдана, Найден, Теодоси, Теодосий"
"stJ",7,1,,,"Ивановден","orthodox","Св. Йоан Кръстител. Този ден християнската църква отрежда на най-великия от пророците, който ревностно проповядва идването на Христос сред хората - на Йоан Кръстител или Предтеча. Светецът се почита като покровител на кумството и побратимството. На Ивановден продължават обичаите и обредите, свързани с вярата в чудодейната здравеносна сила на водата. Къпят се булките и младоженците, които са се оженили през тази зима до Ивановден, къпят се всички именници, къпят се годените моми и ергени. На Ивановден на обед младоженците отиват на гости в дома на своите кумове и им носят кравай, млин, ракия и вино. Кумовете ги канят на тържествена трапеза. Младите гостуват и на девера. ","Иван, Ивана, Иванчо, Иванела, Иванина, Иванка, Вани, Ваня, Ванина, Ваньо, Ванка, Ванката, Ванко, Жан, Жана, Жане, Жанет, Жанета, Жани, Жанко, Йоан, Йоана, Йоанна, Йовка, Йовко, Иваничка, Ивайла, Ивайло, Ивайло, Ивелин, Ивелина, Ивам, Иво, Йончо, Йонка, Йонко, Йото"
"revT",11,1,,,"Преп. Теодосий Велики","orthodox","Св.Теодосий Велики дълго живял в пещера и се отдал на непрестанна молитва и неотстъпно богосъзерцание. Той пръв въвел общежитийната форма на монашеския подвиг и затова е наречен ""началник на общежитието"". Светията сам измивал раните на страдащите в неговите болници и помагал за обслужването на разнообразните просители и поклонници. Св. Теодосий бил погребан във Витлеемската пустиня.","Богдан, Богдана, Богомила, Теодоси, Теодосий"
"stT",12,1,,,"Света Татяна","orthodox",,"Татяна, Таня"
"revF",14,1,,,"Отдание на Богоявление","orthodox","Преп. Отци,избити в Синай и Раита. Св.Нина","Адам"
"revA",17,1,,,"Антоновден","orthodox","Преп. Антоний Велики","Антон, Антони, Антония, Антонина, Антонио, Антониа, Антоний, Тончо, Тони, Тоня, Тонислав, Тонка, Тонко,  Андон, Дончо, Донка, Доника"
"at",18,1,,,"Атанасовден","orthodox",,"Атанас, Атанаска, Атнас, Наско, Наси, Наска, Наско, Насо, Тинка, Начо, Тинко, Таньо"
"stE",20,1,,,"Петльовден","orthodox","Св. Евтимий, патриарх Търновски ","Евтим, Ефтим, Евтимий"
"prepM",21,1,,,"Преп.Максим Изповедник, Мчк.Неофит","orthodox",,"Агнеса, Агнес, Максим, Макс, Макси, Валера, Валери, Валериа, Валерия, Валерий"
"apostle",22,1,,,"Св. апостол Тимотей. Св. преподобномъченик Атанасий Перски. Св. свещеномъченик Петър Български, мъченик Сионий Български ","orthodox",,"Тимотей, Тимотеи"
"stC",23,1,,,"Св. свщмчк Климент, еп. Анкирски. Св. мчк Агатангел. Св. Павлин, еп. Нолански","orthodox","Св. Климент бил избран за Анкирски епископ когато бил на 20 години. Той станал първата жертва на деветото гонение на християните в Мала Азия. Бил хвърлен в тъмница и изтезаван в продължение на 28 години.","Кристофор, Христофор, Христофора, Христофер, Кристофера"
"revX",24,1,,,"Преп. Ксения Римлянка ","orthodox","Преп. Ксения Римлянка била дъщеря на сенатор и носила името Евсевия, което означавало  \благочестива\. Нейните родители я сгодили за един сенатор. Тя била решила да посвети живота си на Исус Христос, затова избягала от дома си. Установила се на остров Коа. Там тя наела бедна къща и помолила да я наричат Ксения (странница). По-късно била посветена за дякониса. Тя водила възвишен живот. Колкото била строга към себе си, толкова била милосърдна и нежна към своите сестри.","Аксениа, Аксиниа, Ксениа, Оксана"
"stGT",25,1,,,"Св. Григорий Богослов, архиепископ на Цариград","orthodox",,"Григо, Григор, Григорена"
"stR",26,1,,,"Св. преподобни Ксенофонт, Мария и синовете им. Св. преподобни Теодосий, игумен Студийски ","orthodox",,"Живко, Живка, Зоя"
"tr",1,2,,,"Трифоновден","orthodox","Св. мъченик Трифон (Трифоновден). Св. мъченица Фивия Перпетуа (Предпразненство на Сретение Господне) ","Трифон, Трифонка, Лозан, Лозана, Лозка"
"stSA",3,2,,,"Симеоновден","orthodox","Св. Симеон Богоприимец и Анна пророчица","Мона, Симо, Симеон, Мони, Симеона, Симон, Симона"
"revI",4,2,,,"Преп. Исидор Пелусиотски. Св. мчк Иадор Преп. Исидор Пелусиотски. Св. мчк Иадор ","orthodox",,"Жеко, Желязко, Желязка, Жечка, Жечко"
"stA",5,2,,,"Св. мчца Агатия ","orthodox",,"Агата, Добринка"
"revV",6,2,,,"Преп. Вукол, еп. Смирненски. Преп. Варсануфий Велики. Св. Фотий, патр. Константинополски ","orthodox",,"Доротея, Светла, Светлозар, Светлозара, Огнян, Оги, Огняна, Плам, Плама, Пламе, Пламен, Пламена, Пламенка, Пламена, Плами, Пламка, Пламчо, Пламенчо"
"nolyN",9,2,,,"Отдание на Сретение Господне","orthodox","Св. мъченик Никифор. Свещеникът Саприкий и християнинът Никифор, които живеели в гр. Антиохия били приятели, но враждата ги разделила и те станали врагове. След време Никифор разбрал колко грешни са тези чувства и потърсил прошка от своя най-верен някога другар. Но Саприкий не искал да му прости. Тогава Господ наказал жестокостта на Саприкий. В деня, когато трябвало да бъде посечен, Бог го накарал да се отрече от него.","Христина, Кристина"
"stHa",10,2,,,"Св. свщмчк Харалампий Чудотворец.Св. мчца Валентина ","orthodox",,"Хараламби, Харалампи, Ламби, Валентин, Валентина, Ваня"
"revM",13,2,,,"Преп. Мартиниан. Св. Евлогий, архиеп. Александрийски. Преп. Зоя (Живка) и Фотина (Светлана) ","orthodox",,"Евлоги, Зоя"
"stV",14,2,,,"Св. Валентин","orthodox","Свети Валентин е празник, който се празнува на 14 февруари. На тази дата влюбените разкриват един на друг, че се обичат. Първоначално стар римокатолически празник в чест на Св. Валентин, той вероятно започва да се свързва с романтичната любов през Средновековието.","Валенти, Валентин, Валентина, Валентино"
"revTi",21,2,,,"Преп. Тимотей. Св. Евстатий, архиеп. Антиохийски ","orthodox",,"Евстати, Евстатия"
"stEv",1,3,,,"Св. прпмчца Евдокия ","orthodox",,"Март, Марти, Мартина, Мартини, Марто, Евдокия"
"repG",4,3,,,"Православна. реп. Герасим Йордански","orthodox",,"Герасим, Гера, Генчо"
"st42m",6,3,,,"Св. 42 мчци в Амория ","orthodox",,"Краси, Красимир, Красими, Красимира"
"st40m",9,3,,,"Св. 40 мчци Севастийски. Св. мчк Исихий Доростолски","orthodox",,"Младен, Младенка, Младена"
"holyK",10,3,,,"Св. мчци Кодрат и Галина, Ника (Виктория), Леонид","orthodox",,"Галя, Галин, галина, Геновева"
"stNi",13,3,,,"Св. Никифор, 3 патр. Константинополски.","orthodox"," ","Никифор"
"revFa",20,3,,,"Преп. отци, избити в манастира „Св. Сава“. ","orthodox",,"Светлозар, Светлозара"
"prepY",21,3,,,"Преп.Йоан Лествичник. Св. преподобни Иаков Изповедник ","orthodox",,"Яков"
"stNich",23,3,,,"Св. прпмчци Никон. Препмчк Лука Одрински","orthodox",,"Лидиа, Лидия"
"stRe",24,3,,,"Св. преподобни Захария. Св. Артемий, епископ Селевкия.Св. Артемий, епископ Солунски","orthodox",,"Захари, Захарин, Захарина, Хари"
"ladyd",25,3,,,"Благовещение","orthodox","Православната Християнска Църква празнува този ден в чест на благата вест за раждането на Спасителя, която Архангел Гавраил съобщил на Дева Мария. Българите наричат празника още ""Благовец"" или ""половин Великден"". Народното поверие гласи, че на Благовец долитат кукувиците и лястовиците, за да донесат благата вест, че зимата си е отишла и лятото е дошло.","Благо, Благовест, Благовеста, Благой, Евангелина, Вангел, Марияна, Мариана, Мариан, Мариян"
"stMi",26,3,,,"Събор на св. Архангел Гавриил.Мчци Алла и Лариса. Св. мчк Георги Софийски, Стари (1473)","orthodox",,"Гавраил, Гаврил, Габриела"
"revHi",28,3,,,"Преп. Иларион Нови и Стефан чудотворец изп. Свщмчци Георги, еп. Зографски и Петър, презв. Мъгленски. Св. мчк Енравота-Боян, княз Български (833)","orthodox",,"Албена, Бени, Боян, Бончо, Бойчо, Бояна, Бойко, Бойка"
"stMeth",6,4,,,"Успение на св. Методий Славянобългарски, архиеп. Моравски (855). Св. Евтихий, патр. Цариградски. Св. мчци Тимотей и Диоген ","orthodox"," ","Страхил"
"stMar",14,4,,,"Св. Мартин, папа Римски ","orthodox",,"Мартин, Мартина"
"paleW",18,4,,,"Преп. Йоан. Св. мчк. Виктор ","orthodox",,"Виктор, Виктория"
"stYa",21,4,,,"Св. свщмчци Януарий и Теодор в Пергия ","orthodox",,"Жельо"
"stAp",25,4,,,"Св. ап. и ев. Марк. ","orthodox",,"Марк, Марко"
"svvApp",28,4,,,"Свв. апп. от 70-те: Иасон и Сосипатър","orthodox",,"Витали, Виталий, Витан"
"stJe",1,5,,,"Св. прор. Иеремия. Прпмчк Акакий Серски. Св. Тамара царица Грузинска. ","orthodox",,"Мая, Майа, Ермена, Ермелина, Ерменко, Тамара"
"stBo",2,5,,,"Св. благоверен и равноап. цар Борис, в кръщение -Михаил","orthodox",,"Борис, Борислава, Борислав, Боряна, Борян"
"stIr",5,5,,,"Св. вмчца Ирина ","orthodox",,"Ирен, Ирин, Ирина, Ирена, Мира, Мирослав, Мирослава"
"stGe",6,5,,,"Гергьовден","orthodox","Един от най-почитаните светии в България е Свети Георги Победоносец. Той е покровител на земеделските стопани. В деня преди Гергьовден селяните забиват в средата на нивите си раззеленил се клон от бук, за да шумят и изкласят житните класове и другите посеви да дадат добра реколта. На вратата на всяка къща се закачват букови клонки, разцъфтял глог, люляк или други цъфнали храсти. На Гергьовден домакините окичват чешмите и кладенците със зеленина и пускат в котлите с вода стрък коприва за здраве. ","Георги, Гергана, Гинка, Галя, Ганчо, Галин, Галина, Генко, Геновева, Гергин, Гергина, Гюро, zhordz, zhoro, Жоро"
"stIs",9,5,,,"Св. прор. Исаия. Св. мчк Христофор. Пренасяне мощите на св. Николай Мирликийски чудотворец ","orthodox",,"Христофор"
"stCM",11,5,,,"Св. равноапостолни Методий и Кирил. Св. свщмчк Мокий ","orthodox",,"Кирил, Методи, Методий"
"stAn",17,5,,,"Св. ап. Андроник и св. Иуния. Св. мчк Николай Софийски","orthodox",,"Алекси"
"stCE",21,5,,,"Св. Св. Константин и Елена","orthodox",,"Константин, Койчо, Коста, Костадин, Костадина, Динка, Динко, Елена, Ели, Елин, Елка, Йоана, Кънчо, Ленко, Стамен, Стоил, Стоян, Стоянка, Трайко"
"stPa",26,5,,,"Св. ап Карп. Св. мчк Георги Софийски","orthodox",,"Карп, Карпо"
"revIs",30,5,,,"Преп. Исакий Далматски. Св. Емилия ","orthodox",,"Емил, Емилия, Емилиян, Емилияна"
"stMit",4,6,,,"Свети Дух. Св. Митрофан, патр. Константинополски. Св. мчци Фронтасий, Северин и др. Св. свщмчк Астий, еп. Дирахийски","orthodox",,"Марта"
"stTe",7,6,,,"Св. свщмчк Теодот, еп. Анкирски. Св. мчца Валерия ","orthodox",,"Валери, Валерий, Валерия"
"stTim",10,6,,,"Св. свщмчк Тимотей, еп. Брусенски ","orthodox","Св. Тимотей живял през IV в. и бил епископ на гр. Пруса (днес Бруса, Турция). Още приживе Бог го удостоил с дара на чудотворството, с който той лекувал хорските болести и страдания. По времето на император Юлиян Отстъпник (361-363) бил хвърлен в тъмница заради ревностно разпространение на християнската вяра. Християните и тук го посещавали, за да чуят мъдра поука от своя архипастир. Като узнал това, Юлиан заповядал да му отсекат главата.","Антонина"
"stAm",15,6,,,"Св. прор. Амос. Св. мчк Исихий Доростолски.","orthodox",,"Августин, Витан, Витомир"
"revNa",20,6,,,"Преп. Наум Охридски. Св. свщмчк Методий, еп. Патарски","orthodox",,"Бисер, Бисера, Наум"
"stJu",21,6,,,"Св. мчк Юлиан Тарсийски. Преп. Юлий презвитер и Юлиан дякон","orthodox",,"Явор, Ясен"
"mid",24,6,,,"Еньовден","orthodox","В народната среда празникът носи белезите на един развит в миналото слънчев култ. В ранно утро всички излизат по високите поляни, за да наблюдават изгрева. Според поверието на този ден слънцето се изкъпва в реката или морето, то играе и поема своя обратен път към зимата. Затова казват, че св. Еньо си облича девет кожуха и отива да моли Бог да доведе зимата. Жените берат цветя и билки, правят от тях голям венец и се провират през него заедно с децата за здраве.","Еньо, Ясен, Енчо, Яни, Янислав"
"carr",28,6,,,"Пренасяне мощите на св. безсребреници и чудотворци Кир и Йоан. ","orthodox"," ","Давид"
"stPe",29,6,,,"Петровден","orthodox","Св. първовърховни апли Петър и Павел. Българите вярват, че светците Петър и Павел са братя близнаци. Техният празник се предшества от двуседмичен пост. На Петровден стар обичай във всеки дом се коли най-младото пиле - ""петровско пиле"". Обикновено жените раздават част от него заедно с ябълки ""петровки"" в чест на светеца. Вярва се, че св. Петър е райски ключар и пазител на райската градина. Неговият по-голям брат близнак св. Павел пуска светкавици и запалва снопите на нивата. Може да предизвика страшни горски пожари, градушки и наводнения.","Петър, Петра, Павлин, Павлина, Петрана, Пецо, Петя, Полина, Камен, Павел, Пейо, Пенка, Пенчо"
"apostles12",30,6,,,"Събор на Светите 12 апостоли","orthodox",,"Апостол"
"cos",1,7,,,"в. безсребр. Козма и Дамян. Възвръщане честните мощи на преп. Йоан Рилски чудотворец ","orthodox",,"Козма, Кузман, Даме, Дамян, Красимир, Красимира, Красина"
"stAna",3,7,,,"Св. мчк Иакинт. Св. Анатолий, патр. Константинополски","orthodox",,"Анатоли, Анатолий, Анатолия"
"revSis",6,7,,,"Преп. Сисой Велики. Св. свщмчк Валентин, презвитер Римски","orthodox",,"Авакум"
"stSun",7,7,,,"Св. вмчца Неделя. Преп. Тома Малейски и Акакий","orthodox",,"Недялко, Недялка, Неда, Делчо, Дельо, Неделчо, Деделия, Неделия, Неска, Янка, Янко"
"stEvf",11,7,,,"Св. мчца Евфемия Всехвална. Св. равноап. княгиня Олга. Преп. Никодим Албански ","orthodox",,"Олег, Олга, Оля"
"holyKi",15,7,,,"Св. мчци Кирик и Юлита. Св. равноап. велик княз Владимир","orthodox",,"Влада, Владимира, Владимир, Витомир, Господин, Господинка"
"stAti",16,7,,,"Св. свщмчк Атиноген и 10-те му ученици. Св. мчца Юлия девица. Св. мчк Йоан Търновски ","orthodox",,"Юли, Юлия, Юлиа, Юлка, Юлиана, Юлиан, Юлиян, Юлиянка, Юлияна, Джули, Джулиан, Джулиана, Юлиане, Юлие"
"stMari",17,7,,,"Св. вмчца Марина. Възхвала на Пресвета Богородица","orthodox",,"Марин, Марина, Маринчо, Маринка"
"stPro",20,7,,,"Илинден","orthodox","Св. пророк Илия ","Илиа, Илия, Илиан, Илиян, Илиана, Илияна, Илко, Илка, Лина, Илианка, Илиянак"
"maryM",22,7,,,"в. мироносица и равноапостолна Мария Магдалина. Възвръщане честните мощи на св. свщмчк Фока","orthodox","Св. мироносица и равноапостолна Мария Магдалина. Възвръщане честните мощи на св. свщмчк Фока","Магда, Магдалена, Магдален, Магдалина, Маги, Магие, Магито, Манда, Меглена, Миглена"
"anna",25,7,,,"Успение на Св. Анна","orthodox",,"Ана, Ани, Аница, Анна"
"stEr",26,7,,,"Св. свщмчк Ермолай и другарите му. Св. прпмчца Параскева","orthodox",,"Параскев, Параскева, Парашкев, Парашкева"
"stKa",29,7,,,"Св. мчк Калиник. Св. мчца Серафима девица","orthodox",,"Горан, Калин"
"adNa",26,8,,,"Мчц-и Адриан и Наталия","orthodox",,"Адриан, Адриана"
"stAle",30,8,,,"Св. Александър, Йоан и Павел-патриарси Цариградски","orthodox",,"Алеко, Александър, Александра"
"cross",14,9,,,"Кръстовден","orthodox","Въздвижение на Св. Кръст Господен ","Кръстьо, Кръстина, Кръстинка, Кристина, Кристиан, Кристиана, Кънчо, Кръстил, Кръстила, Кръстилена, Кръстин, Кръстина, Кръстена, Кръстан, Кръстана, Къна, Къно, Ставри"
"stLu",16,9,,,"Св. Людмила Чешка","orthodox",,"Людмил, Людмила"
"fhl",17,9,,,"Вяра, Надежда и Любов","orthodox",,"Вяра, Надежда, Любов, София, Софица, Софка, Софиян, Софияна, Люба, Любомир, Любчо, Любомил, Любослав, Любена, Верина, Верослав, Верослава, Нада, Надя, Надка, Надко, Надина"
"pokrov",1,10,,,"Покров Богородичен","orthodox",,"Анани, Анания"
"stTho",6,10,,,"св. Тома","orthodox",,"Тома, Томислав, Томислава"
"stApIa",9,10,,,"Св. Ап.Иаков Алфеев. Преп. Андроник и Атанасия","orthodox",,"Аврам"
"petkov",14,10,,,"Петковден","orthodox",,"Петко, Петка, Петкан, Петра, Петрана, Петрина, Петрия, Петричка, Петкана, Пенко, Пенка, Параскев, Параскева, Парашкев, Парашкева, Паруш, Кева"
"stAnd",30,11,,,"Андреевден","orthodox","Св. Ап. Андрей Първозвани ","Андрей"
"stMih",8,11,,,"Архангеловден","orthodox","Събор на Св. Арх.Михаил,","Ангел, Ангелина, Радка, Радко"
"stNico",6,12,,,"Никулден","orthodox","Св. Николай, архиеп. Мирликийски, Чудотворец ","Никола, Николай, Николина, Ненка, Нина, Натали"
"steph",27,12,,,"Стефановден","orthodox",,"Станимир, Станимира,Стефан, Стефана, Стефания, Стефи, Фани, Венцислав, Венцислава, Запрян, Стамен, Стамена, Станимир, Станимира, Стоил, Стоилка, Станка, Станчо, Стоян, Стоянка, Таня"
"cand",2,2,,,"Сретение Господне от праведния Симеон ","orthodox",,"Ванеса, Момчил, Радост, Радостин, Радостина, Драго, Драгомир, Ралин, Радина, Радослав, Радислава, Средко, Средка, Сретен, Сретен (Петльовден по стар стил)"
"stAga",15,3,,,"Св. мчк Агапий и 7 мчци","orthodox",,"Божан, Божил, Божко, Емануил, Манол, Манчо, Тотьо"
"zvday",16,3,,,"ЖельоВильов Ден","orthodox",,"Велизар, Желяз"
"stAl",17,3,,,"Св. преподобни Алексий","orthodox",,"Алекси"
"holyHr",19,3,,,"Св. мчци Хрисант и Дария. Мчца Илария","orthodox",,"Дария, Найден"
"9thCisic",29,4,,,"Св. Св. 9 мчци в Кизик. Преп. Мемнон Чудотворец ","orthodox",,"Пенчо, Пенка, Пеньо, Пенко"
"stEpi",12,5,,,"Св. Епифаний, еп. Кипърски и св. Герман, патр. Константинополски. Св. мчк Панкратий","orthodox",,"Герана, Герасим, Герда, Герман, Геро, Джерман, Искра, Искрен"
"holyChri",24,7,,,"Св. великомъченица Христина","orthodox",,"Христина"
"stPan",27,7,,,"Св. вмчк Пантелеймон. Св. Седмочисленици. Успение на св. Климент, архиеп. Охридски ","orthodox",,"Панчо, Панка, Пантелей"
"stEmi",8,8,,,"Св. Емилиан изповедник, еп. Кизически. Св. Мирон чудотворец, еп. Критски. Св. Трендафил Старозагорски ","orthodox",,"Емил, Емилия"
"stLaw",10,8,,,"Св. мчк и архидякон Лаврентий","orthodox",,"Ивайло"
"virginMary",15,8,,,"Успение Богородично, Голяма Богородица","orthodox",,"Мария, Мара, Марийка, Мима, Мими, Марио, Панайот и др."
"stSam",20,8,,,"Св. Самуил","orthodox",,"Самуил"
"stLoup",23,8,,,"Св. мчк Луп. Св. Ириней, еп. Лионски. Преп. Флорентий ","orthodox",,"Вълко, Витан"
"stAnas",29,8,,,"Св. Анастасий Струмишки","orthodox",,"Анастас, Анастасия и др."
"beltMery",31,8,,,"Полагане честния пояс на Пресвета Богородица. Св. свщмчк Киприан, еп. Картагенски. Св. Генадий, патриарх Константинополски","orthodox",,"Гено, Гена, Генчо, Генади"
"stSimeon",1,9,,,"Симеоновден","orthodox","св. Симеон Стълпник","Симеон"
"holyZach",5,9,,,"Св. пророк Захарий и праведна Елисавета","orthodox",,"Захари и Елисавета, Зарко, Светлозар, Светлозара, Ели , Изабел и др."
"holyEust",20,9,,,"Св. вмчк Евстатий Плакида и семейството му","orthodox",,"Евстати"
"stPho",22,9,,,"Св. свщмчк Фока, еп. Синопийски. Св. прор. Йона. Преп. Йона. Преп. Козма Зографски ","orthodox",,"Гълъбин(а)"
"stZlata",18,10,,,"Св. Злата Мъгленска","orthodox",,"Злата, Златка, Златина, Златинка, Златко, Златан, Златомир, Златозария, Лука, Лукан и др."
"stDimitri",27,10,,,"Св. мчк Нестор. Преп. Димитрий Басарабовски","orthodox",,"Нестор"
"holyMenas",11,11,,,"Св. мъченици Мина, Виктор и Викентий","orthodox",,"Виктор, Виктория, Мина, Милена, Минка, Минчо и др. "
"chLent",14,11,,,"Коледни заговезни","orthodox",,"Филип, Управда, Юстиниан"
"holyApostle",16,11,,,"Свети апостол и евангелист Матей ","orthodox",,"Матей"
"stAmph",23,11,,,"Св. Амфилохий","orthodox","Св. Амфилохий, епископ Иконийски, Св. Григорий, епископ Акрагантийски (V-VI), Св. благоверен княз Александър Невски",
"stCath",24,11,,,"Св. великомъченица Екатерина","orthodox",,"Екатерина, Катерина, Катя, Катрин и др. "
"revAly",26,11,,,"Преп. Алипий Стълпник. Преп. Яков Отшелник. Св. Стилиан Пафлагонийски ","orthodox",,"Стилиян, Стелян, Стела, Стилян и др."
"holyBarbara",4,12,,,"Св. великомъченица Варвара","orthodox",,"Варвара, Барбара и др."
"stSava",5,12,,,"Св. преподобни Сава Освещени","orthodox",,"Сава, Савина, Савка, Савчо, Светослав, Владислав(а),Станислав, Станислава, Венцислав(а), Десислава, Слав(чо), Съби, Сабина, Събина, Слави, Слава, Славка и др."
"stAnna",9,12,,,"зачатие на св. Анна – баба на Исус Христос","orthodox",,"Ана, Анна, Анка, Анета, Анелия и др."
"stEle",15,12,,,"Св. свщмчк Елевтерий. Преп. Павел Латрийски","orthodox",,"Свобода"
"stDaniel",17,12,,,"Св. пророк Даниил","orthodox",,"Данаил, Даниел, Даниела,Данислав и др."
"ignazhden",20,12,,,"Игнажден","orthodox",,"Игнат, Искра, Искрен, Пламен, Пламена, Огнян, Огняна, Светла,"
"stJul",21,12,,,"Св. мъченица Юлияния","orthodox",,"Юлия, Юлиян, Юлияна"
"holyAnas",22,12,,,"Св. великомъченица Анастасия","orthodox",,"Анастасия"
"stEug",24,12,,,"Света Евгения","orthodox",,"Женя, Бистра и др"
"christmas",25,12,,,"Рождество Христово","orthodox",,"Божидар, Емил, Христо, Християн, Христин, Кристиян, Кристиан, Христа, Христина, Радослав, Кристина, Кристиана, Кристин, Младен, Радомир, Радостин(а),Радина, Радослава, Емануил и др."
"stJose",26,12,,,"Св. Йосиф Обручник и Цар Давид","orthodox","В Австрия: St Stephen's Day","Йосиф и Давид"
"bulEdu",24,5,,,"Ден на Българската просвета и култура","orthodox","Ден на Българската просвета и култура и на славянската писменост",
"tLord",6,8,,,"Преображение Господне","orthodox","Преображение Господне",
"nativityMary",8,9,,,"Рождество на Пресвета Богородица","orthodox","Рождество на Пресвета Богородица",
"revJohn",19,10,,,"Преп. Йоан Рилски Чудотворец","orthodox","Преп. Йоан Рилски Чудотворец",
"dayOrth",21,11,,,"Ден на православната християнска младеж и семейство","orthodox","Въведение Богородично",
"foudingAU",26,1,,,"Ден на основаването на Австралия","AU","пристигането на първите заселници през 1788 г.",
"declarationAT",26,10,,,"Декларация Парламента за неутралитет на Австрия","AT","залегнал в конституцията, 1955 г.",
"republicAZ",28,5,,,"Ден на републиката","AZ","Ден на републиката, 1918 г.",
"independenceAL",28,11,,,"Ден на независимостта","AL","Ден на независимостта от Турция, 1912 г.",
"revolutionDZ",1,11,,,"Ден на революцията","DZ","Ден на революцията от Франция, 1962 г.",
"stGeo",23,4,,,"Ден на Свети Георги","GB","патрон на нацията",
"independenceAO",11,11,,,"Ден на независимостта","AO","Ден на независимостта от Португалия, 1975 г.",
"Atday",30,5,,,"Ден на Ангуила","AI","Ден на независимостта по повод въвеждането на самостоятелна полиция през 1967 г.",
"independenceAD",8,9,,,"Ден на независимостта","AD","Ден на независимостта от Франция и Испания, 1993 г.",
"independenceAR",25,5,,,"Ден на въстанието за независимост","AR","срещу Испания, 1810 г.",
"independenceAM",28,5,,,"Ден на независимостта","AM","Ден на независимостта от СССР, 1991 г.",
"independenceAF",19,8,,,"Ден на независимостта","AF","Ден на независимостта от Великобритания, 1919 г.",
"liberationBY",3,7,,,"Ден на освобождението","BY","Ден на освобождението от Хитлеристка Германия, 1944 г.",
"BE",21,7,,,"Коронация Леополд I","BE","първи крал на Белгия — 1831 г.",
"stGeoKaye",10,9,,,"Ден на Св. Джордж Кайе","BZ","Ден на Св. Джордж Кайе — патрон на държавата",
"independenceBZ",21,9,,,"Ден на независимостта","BZ","Ден на независимостта от Великобритания, 1981 г.",
"independenceBD",26,3,,,"Ден на независимостта","BD","Ден на независимостта  от Пакистан, 1971 г.",
"independenceBB",30,11,,,"Ден на независимостта","BB","Ден на независимостта  от Великобритания, 1966 г.",
"independenceBS",10,7,,,"Ден на независимостта","BS","Ден на независимостта  от Великобритания, 1973 г.",
"independenceBJ",1,8,,,"Ден на независимостта","BJ","Ден на независимостта  от Франция, 1960 г.",
"independenceBO",6,8,,,"Ден на независимостта","BO","Ден на независимостта  от Испания, 1825 г.",
"independenceBA",1,3,,,"Ден на независимостта","BA","Ден на независимостта от Югославия, 1992 г",
"republicBA",25,11,,,"Ден на държавността","BA","Ден на държавността. Възстановяване на държавата от марионетната на Италия Независима държава Хърватска, 1943 г.",
"independenceBR",7,9,,,"Ден на независимостта","BR","Ден на независимостта от Португалия, обявена през 1822 г., призната 3 години по-късно",
"independenceBF",4,8,,,"Ден на независимостта","BF","Годишнина от революцията — 1984 г. и Ден на независимостта  от Франция, 1960 г.",
"independenceBI",1,7,,,"Ден на независимостта","BI","Ден на независимостта  от Белгия, 1962 г.",
"bdayElizabeth",7,6,"first-saturday",,"Рождения ден на кралица Елизабет II","GB","Официално честване на рождения ден на кралица Елизабет II - втората събота на Юни",
"independenceBE",5,7,,,"Декларация за независимост","VE","Ден на независимостта от Испания, 1811 г.",
"independenceVN",2,9,,,"Декларация за независимост","VN","Ден на независимостта от Франция, 1945 г.",
"independenceGM",18,2,,,"Ден на независимостта","GM","Ден на независимостта  от Великобритания, 1965 г.",
"independenceGH",6,3,,,"Ден на независимостта","GH","Ден на независимостта  от Великобритания, 1957 г.",
"independenceGT",15,9,,,"Ден на независимостта","GT","Ден на независимостта  от Испания, 1821 г.",
"republicGY",23,2,,,"Ден на републиката","GY","Празник Машрамани по повод Ден на републиката  1972 г.",
"DEUnity",3,10,,,"Ден на германското единство","DE","Ден на германското единство — 1990 г.",
"independenceGE",26,5,,,"Ден на независимостта","GE","Ден на независимостта  от Болшевишка Русия, 1918 г.",
"independenceGR",25,3,,,"Ден на независимостта","GR","Ден на независимостта от Османската империя, декларирана на същата дата през 1821 г., което е начало на войната за независимост",
"constitutionDK",5,6,,,"Ден на Конституцията","DK","Ден на конституцията — 1848 г.",
"independenceDJ",27,6,,,"Ден на независимостта","DJ","Ден на независимостта  от Франция, 1977 г.",
"independenceDO",27,2,,,"Ден на независимостта","DO","Ден на независимостта  от Хаити, 1844 г.",
"restorationDO",16,8,,,"Възстановяване на националната независимост","DO","Възстановяване на националната независимост  от Испания, 1865 г.",
"revolutionEG",23,7,,,"Ден на революцията","EG","Ден на революцията 1952 г.",
"independenceEC",10,8,,,"Ден на независимостта","EC","Ден на независимостта  от Испания, 1809 г. — окончателно извоювана на 24 май 1822 г.",
"independenceEE",24,2,,,"Ден на независимостта","EE","Ден на независимостта от Болшевишка Русия, 1918 г., същият ден се празнува и като Ден на републиката",
"democracyET",28,5,,,"Възстановяване на демокрацията","ET","Възстановяване на демокрацията — сваляне на диктатурата на Менгисту Хайле Мариам, 1991 г.",
"independenceIL",14,5,,,"Ден на независимостта","IL","Ден на независимостта с прекратяване на мандата на Великобритания, 1948 г. върху територията на Палестина",
"republicIN",26,1,,,"Ден на републиката","IN","Ден на републиката — 1950 г.",
"independenceIN",15,8,,,"Ден на независимостта","IN","Ден на независимостта от Великобритания, 1947 г.",
"bdayGandhi",2,10,,,"Годишнина от рождението на Махатма Ганди","IN","Годишнина от рождението на Махатма Ганди — 1869 г.",
"independenceID",17,8,,,"Ден на независимостта","ID","Ден на независимостта от Нидерландия, 1945 г.",
"islRepIR",1,4,,,"Ден на ислямската република","IR","Ден на ислямската република — 1979 г.",
"islRepIQ",17,7,,,"Ден на ислямската република","IQ","Ден на ислямската република",
"stPat",17,3,,,"Ден на Свети Патрик","IE","Ден на Свети Патрик",
"independenceIS",17,6,,,"Ден на независимостта","IS","Ден на независимостта от Дания, 1944 г.",
"discoveryAmerica",12,10,,,"Годишнина от откриването на Америка","ES","Годишнина от откриването на Америка, 1492 г.",
"republicIT",2,6,,,"Ден на републиката","IT","Ден на републиката — 1946 г.",
"independenceJO",25,5,,,"Ден на независимостта","JO","Ден на независимостта от Великобритания, 1946 г.",
"republicKZ",25,10,,,"Ден на републиката","KZ","Ден на републиката и на държавния суверенитет — 1990 г.",
"independenceKH",9,11,,,"Ден на независимостта","KH","Ден на независимостта  от Франция, 1953 г.",
"canadaDay",1,7,,,"Ден на Канада","CA","Ден на Канада — 1867 г.",
"independenceQA",3,9,,,"Ден на независимостта","QA","Ден на независимостта от Великобритания, 1971 г.",
"independenceKG",31,8,,,"Ден на независимостта","KG","Ден на независимостта  от СССР, 1991 г.",
"independenceCY",1,10,,,"Ден на независимостта","CY","Ден на независимостта от Великобритания, 1960 г.",
"peopleRep",1,10,,,"Ден на Китайската народна република","CN","Ден на Китайската народна република — 1949 г.",
"declarationCo",20,7,,,"Обявяване на независимост","CO","Обявяване на независимост — от Испания, 1810 г.",
"recognitionCo",7,8,,,"Признаване на независимостта","CO","Признаване на независимостта — от Испания, 1819 г.",
"independenceCG",15,8,,,"Ден на независимостта","CG","Ден на независимостта  от Франция, 1960 г.",
"independenceKM",6,7,,,"Ден на независимостта","KM","Ден на независимостта  от Франция, 1975 г.",
"independenceCR",15,9,,,"Ден на независимостта","CR","Ден на независимостта  от Испания, 1821 г.",
"independenceCI",7,8,,,"Ден на независимостта","CI","Ден на независимостта  от Франция, 1960 г.",
"FreedomCU",1,1,,,"Ден на свободата","CU","Ден на свободата, 1959 г.",
"natiomKW",25,2,,,"Ден на нацията","KW","Ден на нацията",
"independenceLV",18,11,,,"Ден на независимостта","LV","Ден на независимостта  от Болшевишка Русия, 1918 г.",
"independenceLR",26,7,,,"Ден на независимостта","LR","Ден на независимостта  от САЩ, 1847 г.",
"revolutionLY",1,9,,,"Ден на революцията","LY","Държавен преврат под ръководството на Муамар Кадафи, 1969 г.",
"independenceLB",22,11,,,"Ден на независимостта","LB","Ден на независимостта  от Франция, 1943 г.",
"LIDay",15,8,,,"Ден на Лихтенщайн","LI","Ден на Лихтенщайн",
"independenceLT",16,2,,,"Ден на независимостта","LT","Ден на независимостта от Русия, 1918 г.",
"dukeLU",23,6,,,"Рожден ден на Великия херцог","LU","Рожден ден на Великия херцог. Празнува се като национален празник от 1947 г. и от 1961 г. няма връзка с истинския рожден ден на херцога",
"independenceMU",12,3,,,"Ден на независимостта","MU","Ден на независимостта  от Великобритания, 1968 г.",
"independenceMG",26,6,,,"Ден на независимостта","MG","Ден на независимостта  от Франция, 1960 г.",
"independenceMK",8,9,,,"Ден на независимостта","MK","Ден на независимостта от Югославия, 1991 г.",
"independenceMY",31,8,,,"Ден на независимостта","MY","Ден на независимостта от Великобритания, 1957 г.",
"independenceMV",26,7,,,"Ден на независимостта","MV","Ден на независимостта  от САЩ, 1965 г.",
"independenceML",22,9,,,"Ден на независимостта","ML","Ден на независимостта  от Франция, 1960 г.",
"independenceMT",21,9,,,"Ден на независимостта","MT","Ден на независимостта от Великобритания, 1964 г.",
"independenceMA",2,3,,,"Ден на независимостта","MA","Ден на независимостта от Франция и Испания, 1956 г.",
"independenceMX",16,9,,,"Ден на независимостта","MX","Ден на независимостта от Испания, обявена на същата дата през 1810 г., извоювана окончателно на 27 септември 1821 г.",
"independenceMD",27,8,,,"Ден на независимостта","MD","Ден на независимостта от СССР, 1991 г.",
"princeMC",19,11,,,"Ден на принца","MC","Ден на принца",
"independenceMN",11,7,,,"Ден на революцията и независимостта","MN","Ден на независимостта от Китай, 1921 г.",
"independenceNA",21,3,,,"Ден на независимостта","NA","Ден на независимостта  от ЮАР, 1990 г.",
"independenceNR",31,1,,,"Ден на независимостта","NR","Ден на обявяване на независимостта  от Великобритания, Австралия и Нова Зеландия, 1968 г.",
"dayMartyrs",18,2,,,"Ден на мъчениците","NP","Ден на мъчениците",
"republicNP",28,12,,,"Ден на републиката","NP","Рожден ден на краля и Ден на републиката — 2007 г.",
"republicNE",18,12,,,"Ден на републиката","NE","Ден на републиката, 1958 г.",
"independenceNG",1,10,,,"Ден на независимостта","NG","Ден на независимостта  от Великобритания, 1960 г.",
"nationalNL",30,4,,,"Национален празник","NL","Официално честване на рожденния ден на кралица Беатрикс",
"contractNZ",6,2,,,"Годишнина на договора Вайтанга","NZ","Годишнина на договора Вайтанга — 1840 г.",
"constitutionCO",17,5,,,"Ден на Конституцията","NO","Ден на конституцията — 1814 г.",
"federationAE",2,12,,,"Годишнина от създаването на федерацията","AE","Годишнина от създаването на федерацията — 1971 г.",
"republicPK",23,3,,,"Ден на републиката","PK","Първата ислямска република в света през 1956 г. и 14 август – Ден на независимостта  от Великобритания и отделянето на държавата от Индия през 1947 г.",
"constitutionPW",9,7,,,"Ден на конституцията","PW","Ден на конституцията — 1981 г.",
"independentPA",3,11,,,"Отделяне на държавата като самостоятелна","PA","Отделяне на държавата като самостоятелна от Колумбия, 1903 г.",
"independencePY",15,5,,,"Ден на независимостта","PY","Ден на независимостта  от Испания, 1811 г.",
"independencePE",28,7,,,"Ден на независимостта","PE","Ден на независимостта от Испания, 1821 г.",
"constitutionPL",3,5,,,"Ден на конституцията","PL","Ден на конституцията",
"independencePL",11,11,,,"Ден на независимостта","PL","Ден на независимостта от Австро-Унгария, Германия и Русия, 1918 г.",
"Ptday",10,6,,,"Ден на Португалия","PT","Ден на Португалия по повод деня в памет на националния поет Луиш ди Камоинш, 1850 г.",
"unificationRO",1,12,,,"Годишнина от възвръщането на Трансилвания","RO","Годишнина от възвръщането на Трансилвания и обединението на Румъния, 1918 г.",
"Ruday",12,6,,,"Ден на Русия","RU","Ден на Русия, празнува се от 1990 г.",
"republicSM",3,9,,,"Ден на републиката","SM","Най-старата република в света, 301 г.",
"unificationSA",23,9,,,"Празник на обединението на кралството","SA","Празник на обединението на кралството — 1923 г.",
"republicKR",8,9,,,"Създаване на Корейската  република","KR","Създаване на Корейската народно-демократична република през 1948 г.",
"Sgday",9,8,,,"Ден на Сингапур","SG","Отделяне от Малайзия като самостоятелна държава през 1965 г.",
"uprisingSK",29,8,,,"Словашко национално въстание","SK","Словашко национално въстание, срещу окупацията на Хитлеристка Германия, 1944 г.",
"constitutionSK",1,9,,,"Ден на конституцията","SK","Ден на конституцията — 1992 г.",
"independenceSI",25,6,,,"Ден на независимостта","SI","Ден на независимостта от Югославия, 1991 г.",
"declarationUS",4,7,,,"Декларация независимост от Великобритания","US","Декларация независимост от Великобритания, 1776 г.",
"uprisingRS",15,2,,,"Избухване на Първото сръбско въстание","RS","Избухване на Първото сръбско въстание за независимост от Османската империя — 1804 г.",
"independenceTJ",9,9,,,"Ден на независимостта","TJ","Ден на независимостта  от СССР, 1991 г.",
"republicTW",10,10,,,"Ден на републиката","TW","Ден на републиката по повод създаването на Китайска република през 1911 г.",
"bdayKingTH",5,12,,,"Рожден ден на краля","TH","Рожден ден на краля, 1927 г.",
"independenceTM",27,10,,,"Ден на независимостта","TM","Ден на независимостта  от СССР, 1991 г.",
"republicTR",29,10,,,"Ден на републиката","TR","Ден на републиката. Отказване от статута на Османска империя, 1923 г.",
"independenceUA",24,8,,,"Ден на независимостта","UA","Ден на независимостта от СССР, 1991 г.",
"revolutionNU",15,3,,,"Ден на революцията","HU","Ден на революцията, 1848 г.",
"stIst",20,8,,,"Ден на Свети Ищван I","HU","Ден на Свети Ищван I — първи крал и основател на държавата",
"republicNU",23,10,,,"Ден на републиката и революцията","HU","Ден на републиката и революцията, 1956 г.",
"independenceUY",25,8,,,"Декларация за независимост","UY","Декларация за независимост  от Бразилия, 1825 г.",
"independenceUZ",1,9,,,"Ден на независимостта","UZ","Ден на независимостта  от СССР, 1991 г.",
"independenceFJ",10,10,,,"Ден на независимостта","FJ","Ден на независимостта  от Великобритания, 1970 г.",
"independencePH",12,6,,,"Ден на независимостта","PH","Ден на независимостта  от Испания, 1898 г.",
"independenceFI",6,12,,,"Ден на независимостта","FI","Ден на независимостта от Русия, 1917 г.",
"bastilleFR",14,7,,,"Годишнина от превземането на Бастилията","FR","Начало на Френската революция, 1789 г.",
"independenceHR",25,6,,,"Ден на независимостта","HR","Ден на независимостта от Югославия, 1991 г.",
"republicCF",1,12,,,"Ден на републиката","CF","Ден на републиката — 1958 г., получена автономия от Франция",
"independenceTD",11,8,,,"Ден на независимостта","TD","Ден на независимостта  от Франция, 1960 г.",
"independentME",13,7,,,"Международно призната за независима държава","ME","Международно призната за независима държава — Берлински конгрес, 1878 г. и Годишнина от антифашисткото въстание — 1941 г.",
"independentCZ",28,10,,,"Ден на въстановената независимост","CZ","Ден на независимостта от Австро-Унгария, 1918 г.",
"Clday",18,9,,,"Ден на първото правителство на Чили","CL","Ден на първото правителство на Чили от 1810 г., което дава началото на борбата за независимост от Испания през 1818 г.",
"independenceSE",6,6,,,"Ден на независимостта","SE","Ден на независимостта от анексията на Дания, 1523 г.",
"federationCH",1,8,,,"Ден на федерацията","CH","Ден на федерацията срещу Свещената Римска империя, 1291 г.",
"freedomZA",27,4,,,"Ден на свободата","ZA","Ден на независимостта. Отбелязва се първото участие на чернокожото население в избори през 1994 г., след политиката на апартейд",
"independenceKR",15,8,,,"Ден на независимостта","KR","Ден на независимостта  от Япония, 1945 г.",
"nationJP",11,2,,,"Възникване на нацията","JP","Възникване на нацията по повод изкачването на първия император на трона, 660 пр.н.е.",
"constitutionJP",3,5,,,"Ден на конституцията","JP","Ден на конституцията — 1947 г.",
"independenceJM",,8,"first-monday",,"Ден на независимостта","JM","първият понеделник на август - Ден на независимостта — от Великобритания, 1962 г.",
"saintsDay",1,11,,,"Ден на Вси Светии","AT","Ден на Вси Светии",
"liberationAF",15,2,,,"Ден на освобождението","AF","Liberation Day",
"nyAF",21,3,,,"Нова Година в Афганистан","AF","New Year's Day",
"mujahideenAF",28,4,,,"Победа на муджахидините","AF","Mujahideen Victory Day",
"independenceDZ",5,7,,,"Ден на независимостта","DZ","Ден на независимостта1962",
"natDayAR",24,3,,,"Национален ден на памет за истина и справедливост","AR","Национален ден на памет за истина и справедливост",
"warAR",2,4,,,"Ден на ветераните и Мемориал във Фолклендската война","AR","Ден на ветераните и Мемориал във Фолклендската война",
"mThursdayAR",-3,"CEST",,,"Велики четвъртък (Западен)","international","Четвъртъка преди Великден",
"goodFridayAR",-2,"CEST",,,"Разпети петък (Западен)","international","Петъкът преди Великден",
"declarationAR",9,7,,,"Декларация за независимост","AR","Годишнина от Декларацията за независимост",
"sovereigntyAR",20,11,,,"Ден на националния суверенитет","AR","Ден на националния суверенитет. Годишнина от битката на Vuelta de Obligado",
"maryAR",8,12,,,"Непорочно зачятие на Мария","AR","Непорочното зачатие на Мария",
"genocideAM",24,4,,,"Ден за възпоменание на геноцида","AM","Арменски Ден за възпоменание на геноцида",
"martyrsAO",4,1,,,"Ден на мъчениците","AO","Colonial Repression Martyrs' Day",
"dayLuanda",25,1,,,"Ден на Луанда","AO","Ден на Луанда / Luanda's Day",
"armenAO",4,2,,,"Ден на въоръжената борба","AO","Ден на въоръжената борба в памет на бунта на Baixa de Cassanje",
"peaceAO",4,4,,,"Ден на мира и помирението","AO","Ден на мира и помирението. Край на Гражданската война в Ангола",
"dayAO",25,5,,,"Ден на Африка","AO","Ден на Африка",
"agostinhoNeto",17,9,,,"Ден на Agostinho Neto","AO","Ден на Agostinho Neto  и Националната Ден на героите",
"soulsAO",2,11,,,"Ден на всички души","AO","Ден на всички души",
"epiphanyAM",6,1,,,"Богоявление","AM","Богоявление",
"peaceDay",9,5,,,"Ден на мира","orthodox","Ден на мира",
"constitutionAM",5,7,,,"Ден на Конституцията","AM","Ден на Конституцията",
"indepenAM",21,9,,,"Ден на независимостта","AM","Ден на независимостта",
"armyAU",25,4,,,"Ден на армията на Австралия и Нова Зеландия","AU","Ден на армията на Австралия и Нова Зеландия",
"epiphanyAT",6,1,,,"Богоявление","AT","Богоявление",
"eMondayAT",1,"CEST",,,"Велики понеделник (Западен)","international","Велики понеделник или  Egg Nyte",
"ascensionAT",39,"CEST",,,"Празник на възнесението","AT","Празникът на Възнесение Господне, известен още като Възнесение четвъртък, Велики четвъртък или Възнесение Господне. Чества телесна възнесението на Исус в небето",
"pentecostAT",49,"CEST",,,"Петдесетница","AT","Петдесетница (също Петдесетница, Петдесетница неделя или Петдесетница)",
"corpusChristi",60,"CEST",,,"Празникът на Корпус Кристи","AT","Тайната вечеря. Четвъртък, след Троица неделя (60 дни след Великден)",
"assumptionAT",15,8,,,"Успение на Пресвета Богородица","AT","Успение на Пресвета Богородица",
"conceptionAT",8,12,,,"Празник на непорочното зачатие","AT","Празник на непорочното зачатие. Магазините отварят за Коледно пазаруване",
"blackJanuary",20,1,,,"Черен януари","AZ","Ден на мъчениците",
"salvationAZ",15,6,,,"Ден на национално спасение","AZ","Ден на национално спасение",
"navyAZ",26,6,,,"Ден на армията и флота","AZ","Ден на армията и флота",
"constitutionAZ",12,11,,,"Ден на конституцията","AZ","Ден на конституцията",
"solidarityAZ",31,12,,,"Ден на международната солидарност","AZ","Ден на международната солидарност",
"laborDay",4,5,,,"Ден на труда","BS","Ден на труда",
"columbusDay",11,10,,,"Ден на Колумб","BS","Ден на Колумб / Ден на откривателя",
"dimitri",26,10,,,"Димитровден","orthodox",,"Димитър, Димитрина, Деметра, Димо, Дима, Димка, Димитричка, Димчо, Димана, Драган, Митко, Митка, Митра, Митрана, Мита"
"bdayMohamed-2012",5,2,,2012,"Рожден ден на пророка Мохамед","muslim","Рожден ден на пророка Мохамед",
"israkMikraj-2012",16,6,,2012,"Нощта на Israk Mikraj","muslim","Нощта на Israk Mikraj",
"nisfuSyaaban-2012",4,7,,2012,"Нощта на Nisfu Syaaban","muslim","Нощта на Nisfu Syaaban",
"begin-2012",21,7,,2012,"Началото на гладно (1433H)","muslim","Началото на гладно (1433H)",
"nuzul-2012",5,8,,2012,"Нощ на Nuzul Ал Корана","muslim","Нощ на Nuzul Ал Корана",
"aidilfitri-2012",19,8,,2012,"Хари Рая Aidilfitri","muslim","Хари Рая Aidilfitri",
"muslimNY-2012",15,11,,2012,"Ислямска Нова година (1434H)","muslim","Ислямска Нова година (1434H)",
"nightMevlid-2012",3,2,,2012,"Нощта Мевлид","muslim","Нощта Мевлид",
"ramazan1-2012",20,8,,2012,"Рамазан байрам първи ден","muslim","Рамазан байрам",
"ramazan2-2012",21,8,,2012,"Рамазан байрам втори ден","muslim","Рамазан байрам",
"aref-2012",24,10,,2012,"Денят Арифе ","muslim","Денят Арефе ",
"kurban1-2012",25,10,,2012,"Курбан байрам първи ден","muslim","Курбан байрам",
"kurban2-2012",26,10,,2012,"Курбан байрам втори ден","muslim","Курбан байрам",
"2jan-2012",2,1,,2012,"Почивен ден","non-working","Почивен ден, отработва се на 21 януари (събота)",
"30apr-2012",30,4,,2012,"Почивен ден","non-working","Почивен ден, отработва се на 21 април (събота)",
"25may-2012",25,5,,2012,"Почивен ден","non-working","Почивен ден, отработва се на 19 май (събота)",
"7sep-2012",7,9,,2012,"Почивен ден","non-working","Почивен ден, отработва се на 29 септември (събота)",
"31dec-2012",31,12,,2012,"Почивен ден","non-working","Почивен ден, отработва се на 15 декември (събота)",
"21jan-2012",21,1,,2012,"Работен ден","workday","Работен ден, отработва се 2 януари (понеделник)",
"21apr-2012",21,4,,2012,"Работен ден","workday","Работен ден, отработва се 30 април (понеделник)",
"19may-2012",19,5,,2012,"Работен ден","workday","Работен ден, отработва се 25 май (петък)",
"29sep-2012",29,9,,2012,"Работен ден","workday","Работен ден, отработва се 7 септември (петък)",
"15dec-2012",15,12,,2012,"Работен ден","workday","Работен ден, отработва се 31 декември (понеделник)",
"2may-2013",2,5,,2013,"Почивен ден","non-working","Почивен ден, отработва се на 11 май (събота)",
"31dec-2013",31,12,,2013,"Почивен ден","non-working","Нова година – неработен ден ",
"14dec-2013",14,12,,2013,"Работен ден","workday","Работен ден, отработва се 31 декември (вторник)",
"18may-2013",18,5,,2013,"Работен ден","workday","Работен ден, отработва се 2 май (четвъртък)",
"24jan-2013",24,1,,2013,"Раждането на пророка Мохамед","muslim","Рожден ден на пророка Мохамед",
"6jun-2013",6,6,,2013,"Исра Ал Мирадж (изкачване на пророка Мохамед)","muslim","Чества се пътуването на пророка Мохамед от Мека до Ерусалим, изкачването му през Седемте небета и завръщането му в Мека – всичко на една и съща  нощ",
"23jun-2013",23,6,,2013,"Лайлат ал-Мирадж","muslim","Празнува се изкачването на пророка Мохамед на небето ",
"9jul-2013",9,7,,2013,"Начало на Рамазан","muslim","Начало на свещения ислямски месец Рамазан. Мюсюлманите от цял свят ще отбележат месеца, през който Корана е разкрит от Аллах на своя пророк Мохамед, чрез пост от изгрев до залез слънце",
"3aug-2013",3,8,,2013,"Лайлат ал-Кадр","muslim","26-тата нощ от започването на Рамазана",
"8aug-2013",8,8,,2013,"Рамазан байрам (Ейд ал-Фитр)","muslim","Първи ден от тридневното честване за края на Рамазана",
"15oct-2013",15,10,,2013,"Курбан байрам (Ейд ал-Адха)","muslim","Чества се по време на годишния хадж или поклонение в Мека. Отбелязва готовността на Авраам да пожертва сина си Исмаил, както е заповядал Господ. Деня се чества с жертването на осветени животни като 1/3 се споделя с бедните, а другите 2/3 е за семейството и приятелите ",
"4nov-2013",4,11,,2013,"Мухаррам 1 ( Ислямска Нова година (1435H) )","muslim","Начало на новата година",
"13nov-2013",13,11,,2013,"Ашура ден","muslim","Не е официален празник, но се чества в Турция. Отбелязва смъртта на внука на Мохамед убит по време на битката за Кербала. Ден на гладуване, размисъл и медитация.",
"catholic",0,"CEST",,,"Великден (Западен)","international","Католически Великден",
"23dec-2013",23,12,,2013,"Почивен ден","non-working","Почивен ден, отработва се на 21 декември (събота)",
"21dec-2013",21,12,,2013,"Работен ден","workday","Работен ден, отработва се 23 декември (понеделник)",
"2may-2014",2,5,,2014,"Почивен ден","non-working","Почивен ден, отработва се на 10 май (събота)",
"10may-2014",10,5,,2014,"Работен ден","workday","Работен ден, отработва се 2 май (петък)",
"5may-2014",5,5,,2014,"Почивен ден","non-working","Почивен ден, отработва се на 31 май (събота)",
"31may-2014",31,5,,2014,"Работен ден","workday","Работен ден, отработва се 5 май (понеделник)",
"31dec-2014",31,12,,2014,"Почивен ден","non-working","Почивен ден, отработва се на 13 декември (събота)",
"13dec-2014",13,12,,2014,"Работен ден","workday","Работен ден, отработва се 31 декември (сряда)",
"12jan-2014",12,1,,2014,"Раждането на пророка Мохамед","muslim","Рожден ден на пророка Мохамед",
"25jun-2014",25,6,,2014,"Лайлат ал-Мирадж","muslim","Празнува се изкачването на пророка Мохамед на небето ",
"28jun-2014",28,6,,2014,"Начало на Рамазан","muslim","Начало на свещения ислямски месец Рамазан. Мюсюлманите от цял свят ще отбележат месеца, през който Корана е разкрит от Аллах на своя пророк Мохамед, чрез пост от изгрев до залез слънце",
"23jul-2014",23,7,,2014,"Лайлат ал-Кадр","muslim","26-тата нощ от започването на Рамазана",
"28jul-2014",28,7,,2014,"Рамазан байрам (Ейд ал-Фитр)","muslim","Първи ден от тридневното честване за края на Рамазана",
"4oct-2014",4,10,,2014,"Курбан байрам (Ейд ал-Адха)","muslim","Чества се по време на годишния хадж или поклонение в Мека. Отбелязва готовността на Авраам да пожертва сина си Исмаил, както е заповядал Господ. Деня се чества с жертването на осветени животни като 1/3 се споделя с бедните, а другите 2/3 е за семейството и приятелите ",
"24oct-2014",24,10,,2014,"Мухаррам 1 ( Ислямска Нова година (1436H) )","muslim","Начало на новата година",
"3nov-2014",3,11,,2014,"Ашура ден","muslim","Не е официален празник, но се чества в Турция. Отбелязва смъртта на внука на Мохамед убит по време на битката за Кербала. Ден на гладуване, размисъл и медитация.",
"24jan-2015",24,1,,2015,"Работен ден","workday","Работен ден, отработва се 2 януари (петък)",
"2jan-2015",2,1,,2015,"Почивен ден","non-working","Почивен ден, отработва се на 24 януари (събота)",
"21mar-2015",21,3,,2015,"Работен ден","workday","Работен ден, отработва се 2 март (понеделник)",
"2mar-2015",2,3,,2015,"Почивен ден","non-working","Почивен ден, отработва се на 21 март (събота)",
"12sep-2015",12,9,,2015,"Работен ден","workday","Работен ден, отработва се 21 септември (понеделник)",
"21sep-2015",21,9,,2015,"Почивен ден","non-working","Почивен ден, отработва се на 12 септември (събота)",
"12dec-2015",12,12,,2015,"Работен ден","workday","Работен ден, отработва се 31 декември (четвъртък)",
"31dec-2015",31,12,,2015,"Почивен ден","non-working","Почивен ден, отработва се на 12 декември (събота)",
"2jan-2015mus",2,1,,2015,"Раждането на пророка Мохамед","muslim","Рожден ден на пророка Мохамед",
"17jul-2015",17,7,,2015,"Рамазан байрам (Ейд ал-Фитр)","muslim","Първи ден от тридневното честване за края на Рамазана",
"24sep-2015",24,9,,2015,"Курбан байрам (Ейд ал-Адха)","muslim","Чества се по време на годишния хадж или поклонение в Мека. Отбелязва готовността на Авраам да пожертва сина си Исмаил, както е заповядал Господ. Деня се чества с жертването на осветени животни като 1/3 се споделя с бедните, а другите 2/3 е за семейството и приятелите ",
"14oct-2015",14,10,,2015,"Мухаррам 1 ( Ислямска Нова година (1437H) )","muslim","Начало на новата година",
"18jun-2015",18,6,,2015,"Начало на Рамазан","muslim","Начало на свещения ислямски месец Рамазан. Мюсюлманите от цял свят ще отбележат месеца, през който Корана е разкрит от Аллах на своя пророк Мохамед, чрез пост от изгрев до залез слънце",
"13jul-2015",13,7,,2015,"Лайлат ал-Кадр","muslim","26-тата нощ от започването на Рамазана",
"25oct-2015",25,10,,2015,"Ашура ден","muslim","Не е официален празник, но се чества в Турция. Отбелязва смъртта на внука на Мохамед убит по време на битката за Кербала. Ден на гладуване, размисъл и медитация.",
"15may-2015",15,5,,2015,"Лайлат ал-Мирадж","muslim","Празнува се изкачването на пророка Мохамед на небето ",
"4mar-2016",4,3,,2016,"Почивен ден","non-working","Почивен ден, отработва се на 12 март (събота)",
"12mar-2016",12,3,,2016,"Работен ден","workday","Работен ден, отработва се 4 март (петък)",
"23may-2016",23,5,,2016,"Почивен ден","non-working","Почивен ден, отработва се на 14 май (събота)",
"14may-2016",14,5,,2016,"Работен ден","workday","Работен ден, отработва се 23 май (понеделник)",
"5sep-2016",5,9,,2016,"Почивен ден","non-working","Почивен ден, отработва се на 10 септември (събота)",
"10sep-2016",10,9,,2016,"Работен ден","workday","Работен ден, отработва се 5 септември (понеделник)",
"23sep-2016",23,9,,2016,"Почивен ден","non-working","Почивен ден, отработва се на 17 септември (събота)",
"17sep-2016",17,9,,2016,"Работен ден","workday","Работен ден, отработва се 23 септември (петък)",
"12dec-2016mus",12,12,,2016,"Раждането на пророка Мохамед","muslim","Рожден ден на пророка Мохамед",
"5jul-2016",5,7,,2016,"Рамазан байрам (Ейд ал-Фитр)(Ден 1)","muslim","Първи ден от тридневното честване за края на Рамазана",
"6jul-2016",6,7,,2016,"Рамазан байрам (Ден 2)","muslim","Втори ден от тридневното честване за края на Рамазана",
"7jul-2016",7,7,,2016,"Рамазан байрам (Ден 3)","muslim","Трети ден от тридневното честване за края на Рамазана",
"6jun-2016",6,6,,2016,"Начало на Рамазан","muslim","Начало на свещения ислямски месец Рамазан. Мюсюлманите от цял свят ще отбележат месеца, през който Корана е разкрит от Аллах на своя пророк Мохамед, чрез пост от изгрев до залез слънце",
"11sep-2016",11,9,,2016,"Ейд ал-Адха","muslim","Чества се по време на годишния хадж или поклонение в Мека. Отбелязва готовността на Авраам да пожертва сина си Исмаил, както е заповядал Господ. Деня се чества с жертването на осветени животни като 1/3 се споделя с бедните, а другите 2/3 е за семейството и приятелите ",
"12sep-2016",12,9,,2016,"Курбан байрам (Ден 1)","muslim","Чества се по време на годишния хадж или поклонение в Мека. Отбелязва готовността на Авраам да пожертва сина си Исмаил, както е заповядал Господ. Деня се чества с жертването на осветени животни като 1/3 се споделя с бедните, а другите 2/3 е за семейството и приятелите ",
"13sep-2016",13,9,,2016,"Курбан байрам (Ден 2)","muslim","Чества се по време на годишния хадж или поклонение в Мека. Отбелязва готовността на Авраам да пожертва сина си Исмаил, както е заповядал Господ. Деня се чества с жертването на осветени животни като 1/3 се споделя с бедните, а другите 2/3 е за семейството и приятелите ",
"14sep-2016",14,9,,2016,"Курбан байрам (Ден 3)","muslim","Чества се по време на годишния хадж или поклонение в Мека. Отбелязва готовността на Авраам да пожертва сина си Исмаил, както е заповядал Господ. Деня се чества с жертването на осветени животни като 1/3 се споделя с бедните, а другите 2/3 е за семейството и приятелите ",
"15sep-2016",15,9,,2016,"Курбан байрам (Ден 4)","muslim","Чества се по време на годишния хадж или поклонение в Мека. Отбелязва готовността на Авраам да пожертва сина си Исмаил, както е заповядал Господ. Деня се чества с жертването на осветени животни като 1/3 се споделя с бедните, а другите 2/3 е за семейството и приятелите ",
"2oct-2016",2,10,,2016,"Мухаррам 1 ( Ислямска Нова година (1438H) )","muslim","Начало на новата година",
"1jul-2016",1,7,,2016,"Лайлат ал-Кадр","muslim","26-тата нощ от започването на Рамазана",
"11oct-2016",11,10,,2016,"Ашура ден","muslim","Не е официален празник, но се чества в Турция. Отбелязва смъртта на внука на Мохамед убит по време на битката за Кербала. Ден на гладуване, размисъл и медитация.",
"2may-2016",3,5,,2016,"Лайлат ал-Мирадж","muslim","Празнува се изкачването на пророка Мохамед на небето ",
"2jan-2017",2,1,,2017,"Почивен ден","non-working","Почивен ден, празнува се Нова година",
"8may-2017",8,5,,2017,"Почивен ден","non-working","Почивен ден, празнува се Гергьовден",
"29nov-2017",29,11,,2017,"Раждането на пророка Мохамед","muslim","Рожден ден на пророка Мохамед",
"25jun-2017",25,6,,2017,"Рамазан байрам (Ейд ал-Фитр)(Ден 1)","muslim","Първи ден от тридневното честване за края на Рамазана",
"26jun-2017",26,6,,2017,"Рамазан байрам (Ден 2)","muslim","Втори ден от тридневното честване за края на Рамазана",
"27jun-2017",27,6,,2017,"Рамазан байрам (Ден 3)","muslim","Трети ден от тридневното честване за края на Рамазана",
"27may-2017",27,5,,2017,"Начало на Рамазан","muslim","Начало на свещения ислямски месец Рамазан. Мюсюлманите от цял свят ще отбележат месеца, през който Корана е разкрит от Аллах на своя пророк Мохамед, чрез пост от изгрев до залез слънце",
"1sep-2017",1,9,,2017,"Курбан байрам (Ейд ал-Адха)(Ден 1)","muslim","Чества се по време на годишния хадж или поклонение в Мека. Отбелязва готовността на Авраам да пожертва сина си Исмаил, както е заповядал Господ. Деня се чества с жертването на осветени животни като 1/3 се споделя с бедните, а другите 2/3 е за семейството и приятелите ",
"2sep-2017",2,9,,2017,"Курбан байрам (Ден 2)","muslim","Чества се по време на годишния хадж или поклонение в Мека. Отбелязва готовността на Авраам да пожертва сина си Исмаил, както е заповядал Господ. Деня се чества с жертването на осветени животни като 1/3 се споделя с бедните, а другите 2/3 е за семейството и приятелите ",
"3sep-2017",3,9,,2017,"Курбан байрам (Ден 3)","muslim","Чества се по време на годишния хадж или поклонение в Мека. Отбелязва готовността на Авраам да пожертва сина си Исмаил, както е заповядал Господ. Деня се чества с жертването на осветени животни като 1/3 се споделя с бедните, а другите 2/3 е за семейството и приятелите ",
"4sep-2017",4,9,,2017,"Курбан байрам (Ден 4)","muslim","Чества се по време на годишния хадж или поклонение в Мека. Отбелязва готовността на Авраам да пожертва сина си Исмаил, както е заповядал Господ. Деня се чества с жертването на осветени животни като 1/3 се споделя с бедните, а другите 2/3 е за семейството и приятелите ",
"21sep-2017",21,9,,2017,"Мухаррам 1 ( Ислямска Нова година (1439H) )","muslim","Начало на новата година",
"21jun-2017",21,6,,2017,"Лайлат ал-Кадр","muslim","26-тата нощ от започването на Рамазана",
"30sep-2017",30,9,,2017,"Ашура ден","muslim","Не е официален празник, но се чества в Турция. Отбелязва смъртта на внука на Мохамед убит по време на битката за Кербала. Ден на гладуване, размисъл и медитация.",
"23apr-2017",23,4,,2017,"Лайлат ал-Мирадж","muslim","Празнува се изкачването на пророка Мохамед на небето ",
"2oct-CN",2,10,,,"Китайски национален празник","CN","На този ден се отпразнува основаването на Китайската народна република. Провеждат много широкомащабни дейности в цялата страна. Освен това, 7-дневната почивка от 1 до 7 октомври се нарича 'Златна седмица', през която все повече и повече китайци пътуват из страната.",
"3oct-CN",3,10,,,"Китайски национален празник","CN","На този ден се отпразнува основаването на Китайската народна република. Провеждат много широкомащабни дейности в цялата страна. Освен това, 7-дневната почивка от 1 до 7 октомври се нарича 'Златна седмица', през която все повече и повече китайци пътуват из страната.",
"4oct-CN",4,10,,,"Китайски национален празник","CN","На този ден се отпразнува основаването на Китайската народна република. Провеждат много широкомащабни дейности в цялата страна. Освен това, 7-дневната почивка от 1 до 7 октомври се нарича 'Златна седмица', през която все повече и повече китайци пътуват из страната.",
"5oct-CN",5,10,,,"Китайски национален празник","CN","На този ден се отпразнува основаването на Китайската народна република. Провеждат много широкомащабни дейности в цялата страна. Освен това, 7-дневната почивка от 1 до 7 октомври се нарича 'Златна седмица', през която все повече и повече китайци пътуват из страната.",
"6oct-CN",6,10,,,"Китайски национален празник","CN","На този ден се отпразнува основаването на Китайската народна република. Провеждат много широкомащабни дейности в цялата страна. Освен това, 7-дневната почивка от 1 до 7 октомври се нарича 'Златна седмица', през която все повече и повече китайци пътуват из страната.",
"7oct-CN",7,10,,,"Китайски национален празник","CN","На този ден се отпразнува основаването на Китайската народна република. Провеждат много широкомащабни дейности в цялата страна. Освен това, 7-дневната почивка от 1 до 7 октомври се нарича 'Златна седмица', през която все повече и повече китайци пътуват из страната.",
"8oct-2017",8,10,,2017,"Китайски национален празник","CN","На този ден се отпразнува основаването на Китайската народна република. Провеждат много широкомащабни дейности в цялата страна. Освен това, 7-дневната почивка от 1 до 7 октомври се нарича "Златна седмица", през която все повече и повече китайци пътуват из страната.",
"16feb-2018",16,2,,2018,"Китайска Нова Година (пролетен фестивал)","CN","Китайската Нова година, наричана още Пролетен фестивал, има повече от 4000 години история. Това е най-великото и най-важно ежегодно събитие за китайския народ.",
"15feb-2018",15,2,,2018,"Почивен ден (пролетен фестивал)","CN","Китайската Нова година, наричана още Пролетен фестивал, има повече от 4000 години история. Това е най-великото и най-важно ежегодно събитие за китайския народ.",
"17feb-2018",17,2,,2018,"Почивен ден (пролетен фестивал)","CN","Китайската Нова година, наричана още Пролетен фестивал, има повече от 4000 години история. Това е най-великото и най-важно ежегодно събитие за китайския народ.",
"18feb-2018",18,2,,2018,"Почивен ден (пролетен фестивал)","CN","Китайската Нова година, наричана още Пролетен фестивал, има повече от 4000 години история. Това е най-великото и най-важно ежегодно събитие за китайския народ.",
"19feb-2018",19,2,,2018,"Почивен ден (пролетен фестивал)","CN","Китайската Нова година, наричана още Пролетен фестивал, има повече от 4000 години история. Това е най-великото и най-важно ежегодно събитие за китайския народ.",
"20feb-2018",20,2,,2018,"Почивен ден (пролетен фестивал)","CN","Китайската Нова година, наричана още Пролетен фестивал, има повече от 4000 години история. Това е най-великото и най-важно ежегодно събитие за китайския народ.",
"21feb-2018",21,2,,2018,"Почивен ден (пролетен фестивал)","CN","Китайската Нова година, наричана още Пролетен фестивал, има повече от 4000 години история. Това е най-великото и най-важно ежегодно събитие за китайския народ.",
"5apr-2018",5,4,,2018,"Фестивал Кингминг (Ден на гробовете)","CN","Фестивалът Кингминг (известен също като  Pure Brightness Festival или Tomb-sweeping Day) е един от китайските Twenty-four Solar Terms. От тази дата температурите започват да се покачват и валежите се увеличават, което показва, че това е най-важното време за оран и сеитба през пролетта. Поради това фестивалът има тясна връзка със селското стопанство. Това обаче не е само сезонен символ; това е и ден на почитане на мъртвите, пролетен излет и други дейности.",
"6apr-2018",6,4,,2018,"Почивен ден (Фестивал Кингминг)","CN","Фестивалът Кингминг (известен също като  Pure Brightness Festival или Tomb-sweeping Day)",
"7apr-2018",7,4,,2018,"Почивен ден (Фестивал Кингминг)","CN","Фестивалът Кингминг (известен също като  Pure Brightness Festival или Tomb-sweeping Day)",
"29apr-2018",29,4,,2018,"Почивен ден (Ден на май)","CN","Почивен ден преди 1 май",
"1may-2018",1,5,,2018,"Ден на май","CN","1 май",
"18jun-2018",18,6,,2018,"Фестивал на драконовите лодки","CN","Фестивал на драконовите лодки, наричан още Duanwu или Tuen Ng Festival, е традиционен празник, отбелязан ежегодно над 2000 години в Китай, в чест на Чу Юан (340-278 г. пр. Хр.), Древен китайски патриотичен поет.Фестивалът произлиза от южен Китай, но се радва на по-голяма популярност в южните райони, като например провинциите Дзянсу, Жейянг, Гуангдонг и Фуджиан.",
"16jun-2018",16,6,,2018,"Почивен ден (Фестивал на драконовите лодки)","CN","Фестивал на драконовите лодки, наричан още Duanwu или Tuen Ng Festival, е традиционен празник, отбелязан ежегодно над 2000 години в Китай, в чест на Чу Юан (340-278 г. пр. Хр.), Древен китайски патриотичен поет.Фестивалът произлиза от южен Китай, но се радва на по-голяма популярност в южните райони, като например провинциите Дзянсу, Жейянг, Гуангдонг и Фуджиан.",
"17jun-2018",17,6,,2018,"Почивен ден (Фестивал на драконовите лодки)","CN","Фестивал на драконовите лодки, наричан още Duanwu или Tuen Ng Festival, е традиционен празник, отбелязан ежегодно над 2000 години в Китай, в чест на Чу Юан (340-278 г. пр. Хр.), Древен китайски патриотичен поет.Фестивалът произлиза от южен Китай, но се радва на по-голяма популярност в южните райони, като например провинциите Дзянсу, Жейянг, Гуангдонг и Фуджиан.",
"24sep-2018",24,9,,2018,"Фестивал в средата на есента","CN","Празникът е на 15-ия ден на 8-ия месец според китайския лунен календар. Той е вторият най-велик фестивал в Китай след китайската Нова година. От неговото име се разбира, че той винаги се празнува в средата на есенния сезон. Денят е известен също като Лунен фестивал, тъй като по това време на годината луната е най-кръгла и най-ярка.",
"22sep-2018",22,9,,2018,"Почивен ден (Фестивал в средата на есента)","CN","Празникът е на 15-ия ден на 8-ия месец според китайския лунен календар. Той е вторият най-велик фестивал в Китай след китайската Нова година. От неговото име се разбира, че той винаги се празнува в средата на есенния сезон. Денят е известен също като Лунен фестивал, тъй като по това време на годината луната е най-кръгла и най-ярка.",
"23sep-2018",23,9,,2018,"Почивен ден (Фестивал в средата на есента)","CN","Празникът е на 15-ия ден на 8-ия месец според китайския лунен календар. Той е вторият най-велик фестивал в Китай след китайската Нова година. От неговото име се разбира, че той винаги се празнува в средата на есенния сезон. Денят е известен също като Лунен фестивал, тъй като по това време на годината луната е най-кръгла и най-ярка.",
"13sep-2019",13,9,,2019,"Фестивал в средата на есента","CN","Празникът е на 15-ия ден на 8-ия месец според китайския лунен календар. Той е вторият най-велик фестивал в Китай след китайската Нова година. От неговото име се разбира, че той винаги се празнува в средата на есенния сезон. Денят е известен също като Лунен фестивал, тъй като по това време на годината луната е най-кръгла и най-ярка.",
"14sep-2019",14,9,,2019,"Почивен ден (Фестивал в средата на есента)","CN","Празникът е на 15-ия ден на 8-ия месец според китайския лунен календар. Той е вторият най-велик фестивал в Китай след китайската Нова година. От неговото име се разбира, че той винаги се празнува в средата на есенния сезон. Денят е известен също като Лунен фестивал, тъй като по това време на годината луната е най-кръгла и най-ярка.",
"15sep-2019",15,9,,2019,"Почивен ден (Фестивал в средата на есента)","CN","Празникът е на 15-ия ден на 8-ия месец според китайския лунен календар. Той е вторият най-велик фестивал в Китай след китайската Нова година. От неговото име се разбира, че той винаги се празнува в средата на есенния сезон. Денят е известен също като Лунен фестивал, тъй като по това време на годината луната е най-кръгла и най-ярка.",
"7jun-2019",7,6,,2019,"Фестивал на драконовите лодки","CN","Фестивал на драконовите лодки, наричан още Duanwu или Tuen Ng Festival, е традиционен празник, отбелязан ежегодно над 2000 години в Китай, в чест на Чу Юан (340-278 г. пр. Хр.), Древен китайски патриотичен поет.Фестивалът произлиза от южен Китай, но се радва на по-голяма популярност в южните райони, като например провинциите Дзянсу, Жейянг, Гуангдонг и Фуджиан.",
"8jun-2019",8,6,,2019,"Почивен ден (Фестивал на драконовите лодки)","CN","Фестивал на драконовите лодки, наричан още Duanwu или Tuen Ng Festival, е традиционен празник, отбелязан ежегодно над 2000 години в Китай, в чест на Чу Юан (340-278 г. пр. Хр.), Древен китайски патриотичен поет.Фестивалът произлиза от южен Китай, но се радва на по-голяма популярност в южните райони, като например провинциите Дзянсу, Жейянг, Гуангдонг и Фуджиан.",
"9jun-2019",9,6,,2019,"Почивен ден (Фестивал на драконовите лодки)","CN","Фестивал на драконовите лодки, наричан още Duanwu или Tuen Ng Festival, е традиционен празник, отбелязан ежегодно над 2000 години в Китай, в чест на Чу Юан (340-278 г. пр. Хр.), Древен китайски патриотичен поет.Фестивалът произлиза от южен Китай, но се радва на по-голяма популярност в южните райони, като например провинциите Дзянсу, Жейянг, Гуангдонг и Фуджиан.",
"1may-2019",1,5,,2019,"Ден на май","CN","1 май",
"5apr-2019",5,4,,2019,"Фестивал Кингминг (Ден на гробовете)","CN","Фестивалът Кингминг (известен също като  Pure Brightness Festival или Tomb-sweeping Day) е един от китайските Twenty-four Solar Terms. От тази дата температурите започват да се покачват и валежите се увеличават, което показва, че това е най-важното време за оран и сеитба през пролетта. Поради това фестивалът има тясна връзка със селското стопанство. Това обаче не е само сезонен символ; това е и ден на почитане на мъртвите, пролетен излет и други дейности.",
"6apr-2019",6,4,,2019,"Почивен ден (Фестивал Кингминг)","CN","Фестивалът Кингминг (известен също като  Pure Brightness Festival или Tomb-sweeping Day)",
"7apr-2019",7,4,,2019,"Почивен ден (Фестивал Кингминг)","CN","Фестивалът Кингминг (известен също като  Pure Brightness Festival или Tomb-sweeping Day)",
"5feb-2019",5,2,,2019,"Китайска Нова Година (пролетен фестивал)","CN","Китайската Нова година, наричана още Пролетен фестивал, има повече от 4000 години история. Това е най-великото и най-важно ежегодно събитие за китайския народ.",
"4feb-2019",4,02,,2019,"Почивен ден (пролетен фестивал)","CN","Китайската Нова година, наричана още Пролетен фестивал, има повече от 4000 години история. Това е най-великото и най-важно ежегодно събитие за китайския народ.",
"6feb-2019",6,02,,2019,"Почивен ден (пролетен фестивал)","CN","Китайската Нова година, наричана още Пролетен фестивал, има повече от 4000 години история. Това е най-великото и най-важно ежегодно събитие за китайския народ.",
"7feb-2019",7,02,,2019,"Почивен ден (пролетен фестивал)","CN","Китайската Нова година, наричана още Пролетен фестивал, има повече от 4000 години история. Това е най-великото и най-важно ежегодно събитие за китайския народ.",
"8feb-2019",8,02,,2019,"Почивен ден (пролетен фестивал)","CN","Китайската Нова година, наричана още Пролетен фестивал, има повече от 4000 години история. Това е най-великото и най-важно ежегодно събитие за китайския народ.",
"9feb-2019",9,02,,2019,"Почивен ден (пролетен фестивал)","CN","Китайската Нова година, наричана още Пролетен фестивал, има повече от 4000 години история. Това е най-великото и най-важно ежегодно събитие за китайския народ.",
"10feb-2019",10,02,,2019,"Почивен ден (пролетен фестивал)","CN","Китайската Нова година, наричана още Пролетен фестивал, има повече от 4000 години история. Това е най-великото и най-важно ежегодно събитие за китайския народ.",
"5mar-2018",5,3,,2018,"Почивен ден","non-working","Почивен ден, празнува се Освобождението",
"7maj-2018",7,5,,2018,"Почивен ден","non-working","Почивен ден, празнува се Гергьовден",
"24sep-2018",24,9,,2018,"Почивен ден","non-working","Почивен ден, празнува се  Ден на независимостта",
"15jun-2018",15,6,,2018,"Рамазан байрам (Ейд ал-Фитр)(Ден 1)","muslim","Първи ден от тридневното честване за края на Рамазана",
"16jul-2018",16,6,,2018,"Рамазан байрам (Ден 2)","muslim","Втори ден от тридневното честване за края на Рамазана",
"17jul-2018",17,6,,2018,"Рамазан байрам (Ден 3)","muslim","Трети ден от тридневното честване за края на Рамазана",
"16maj-2018",16,5,,2018,"Начало на Рамазан","muslim","Начало на свещения ислямски месец Рамазан. Мюсюлманите от цял свят ще отбележат месеца, през който Корана е разкрит от Аллах на своя пророк Мохамед, чрез пост от изгрев до залез слънце",
"21aug-2018",21,8,,2018,"Курбан байрам (Ейд ал-Адха)(Ден 1)","muslim","Чества се по време на годишния хадж или поклонение в Мека. Отбелязва готовността на Авраам да пожертва сина си Исмаил, както е заповядал Господ. Деня се чества с жертването на осветени животни като 1/3 се споделя с бедните, а другите 2/3 е за семейството и приятелите ",
"22aug-2018",22,8,,2018,"Курбан байрам (Ден 2)","muslim","Чества се по време на годишния хадж или поклонение в Мека. Отбелязва готовността на Авраам да пожертва сина си Исмаил, както е заповядал Господ. Деня се чества с жертването на осветени животни като 1/3 се споделя с бедните, а другите 2/3 е за семейството и приятелите ",
"23aug-2018",23,8,,2018,"Курбан байрам (Ден 3)","muslim","Чества се по време на годишния хадж или поклонение в Мека. Отбелязва готовността на Авраам да пожертва сина си Исмаил, както е заповядал Господ. Деня се чества с жертването на осветени животни като 1/3 се споделя с бедните, а другите 2/3 е за семейството и приятелите ",
"24aug-2018",24,8,,2018,"Курбан байрам (Ден 4)","muslim","Чества се по време на годишния хадж или поклонение в Мека. Отбелязва готовността на Авраам да пожертва сина си Исмаил, както е заповядал Господ. Деня се чества с жертването на осветени животни като 1/3 се споделя с бедните, а другите 2/3 е за семейството и приятелите ",
"20sep-2018",20,9,,2018,"Ашура ден","muslim","Не е официален празник, но се чества в Турция. Отбелязва смъртта на внука на Мохамед убит по време на битката за Кербала. Ден на гладуване, размисъл и медитация.",
"10jun-2018",10,6,,2018,"Лайлат ал-Кадр","muslim","26-тата нощ от започването на Рамазана",
"11sep-2018",11,9,,2018,"Мухаррам 1 ( Ислямска Нова година (1440H) )","muslim","Начало на новата година",
"13apr-2018",13,4,,2018,"Лайлат ал-Мирадж","muslim","Празнува се изкачването на пророка Мохамед на небето ",
"27dec-2017",27,12,,2017,"Почивен ден","non-working","Почивен ден, празнува се Коледа",